motion_id,meeting_date,meeting_date_display,meeting_type,decision_stage,title,summary,motion_text,mover,result,yes_count,no_count,conflict_count,absent_count,primary_topic_id,topic_ids,financial_status,financial_amount_cad,financial_direction,financial_timing,funding_source,source_id,source_url,review_status,significance,notes
2025-11-police-seven-percent,2025-11-17,"Nov. 17–18, 2025",General Committee,Committee recommendation,Police budget: reduce requested increase to 7%,Council considered limiting the Police Service budget increase to 7%.,That the Police Service budget be reduced to 7 per cent (page 257).,Keith Riel,Lost,4,7,0,0,public_safety_police,public_safety_police|finance_budget,not_stated,,reduce_budget_request,2026_budget,,minutes-2025-budget-general,https://pub-peterborough.escribemeetings.com/filestream.ashx?DocumentId=41238,verified_official_minutes,split_vote|budget_amendment,The motion states the target percentage but not the exact dollar reduction; no dollar amount is inferred.
2025-11-police-return-board,2025-11-17,"Nov. 17–18, 2025",General Committee,Committee recommendation,Police budget returned for potential reductions,Council directed the Police Services Board to consider potential reductions to its 2026 budget.,That the Police Service budget be returned to the Police Service Board for potential reductions.,Alex Bierk,Carried,6,5,0,0,public_safety_police,public_safety_police|finance_budget,not_stated,,potential_reduction,2026_budget,,minutes-2025-budget-general,https://pub-peterborough.escribemeetings.com/filestream.ashx?DocumentId=41238,verified_official_minutes,split_vote|budget_amendment,Direction to reconsider; the motion itself did not set a dollar reduction.
2025-11-library-operating-32k,2025-11-17,"Nov. 17–18, 2025",General Committee,Committee recommendation,Restore $32K of Library collections through the tax levy,"A motion to restore $32,000 of Library collections funding in the 2026 operating budget from the net tax levy was defeated.","That the 2026 Draft Operating Budget be amended to restore funding for the Library Collections line by providing $32,000 dollars in 2026 (from the net tax levy), with the remaining amount of the reduction to be fully restored in the 2027 budget.",Matt Crowley,Lost,1,10,0,0,recreation,recreation|finance_budget|finance_tax,known,32000,increases_net_tax_levy,2026_then_further_2027,Net tax levy,minutes-2025-budget-general,https://pub-peterborough.escribemeetings.com/filestream.ashx?DocumentId=41238,verified_official_minutes,split_vote|budget_amendment|financial_impact,
2025-11-library-capital-32k,2025-11-17,"Nov. 17–18, 2025",General Committee,Committee recommendation,Restore $32K of Library collections from reserve,"Council unanimously supported restoring $32,000 of Library collections funding from the Library Materials Acquisition Reserve.","That the 2026 Capital Budget be amended to restore funding for the Library Collections line by providing $32,000 dollars in 2026 (from the Library Materials Acquisition Reserve pg. 231), with the remaining amount of the reduction to be fully restored in the 2027 budget.",Matt Crowley,Carried,11,0,0,0,recreation,recreation|finance_budget|finance_debt,known,32000,reserve_funded_capital,one_time_2026,Library Materials Acquisition Reserve,minutes-2025-budget-general,https://pub-peterborough.escribemeetings.com/filestream.ashx?DocumentId=41238,verified_official_minutes,budget_amendment|financial_impact|reserve_use,
2025-11-legacy-three-million,2025-11-17,"Nov. 17–18, 2025",General Committee,Committee recommendation,Use $3M of Legacy income reserve to reduce the levy,Council directed staff to use an additional $3 million from the Legacy reserve to reduce the 2026 net tax levy.,"That Council direct staff to move $3,000,000 from the Legacy Fund Reserve (page 275) to reduce the net tax levy.",Dave Haacke,Carried,11,0,0,0,finance_budget,finance_budget|finance_tax|finance_debt,known,3000000,reduces_net_tax_levy,one_time,Legacy Fund Income Retention reserve,minutes-2025-budget-general,https://pub-peterborough.escribemeetings.com/filestream.ashx?DocumentId=41238,verified_official_minutes,financial_impact|budget_amendment|reserve_use,"This is the additional one-time 2026 levy offset, distinct from the regular use of Legacy investment income for capital."
2025-11-contingency-cap-one-million,2025-11-17,"Nov. 17–18, 2025",General Committee,Committee recommendation,Cap contingency budget at $1M,Council considered capping the contingency budget at $1 million.,"That the Contingency Budget be capped at $1,000,000 (pg 254).",Alex Bierk,Lost,4,7,0,0,finance_budget,finance_budget,not_stated,,potential_reduction,2026_budget,,minutes-2025-budget-general,https://pub-peterborough.escribemeetings.com/filestream.ashx?DocumentId=41238,verified_official_minutes,split_vote|budget_amendment,"The cap is explicit, but the source excerpt does not establish the exact delta from the draft amount; no savings amount is inferred."
2025-06-trinity-overnight-269280,2025-06-23,"June 23, 2025",General Committee,Committee recommendation,"Trinity overnight expansion: $269,280",Funding to enhance the Trinity Overnight Drop-In Program failed on a 5–5 tie.,"Trinity overnight expansion: $269,280",Keith Riel,Lost,5,5,0,1,homelessness,homelessness|finance_budget|social,known,269280,adds_program_funding,2026_operating_precommitment,2026 operating budget,minutes-2025-homelessness-general,https://pub-peterborough.escribemeetings.com/filestream.ashx?DocumentId=40278,verified_official_minutes,financial_impact|split_vote,Committee-stage vote. Subsequent Council consideration can be shown separately where the final disposition differs.
2025-06-trinity-daytime-244800,2025-06-23,"June 23, 2025",General Committee,Committee recommendation,"Trinity daytime hours: $244,800",Funding to expand Trinity daytime operating hours failed on a 5–5 tie.,"Trinity daytime hours: $244,800",Keith Riel,Lost,5,5,0,1,homelessness,homelessness|finance_budget|social,known,244800,adds_program_funding,2026_operating_precommitment,2026 operating budget,minutes-2025-homelessness-general,https://pub-peterborough.escribemeetings.com/filestream.ashx?DocumentId=40278,verified_official_minutes,financial_impact|split_vote,Committee-stage vote. Subsequent Council consideration can be shown separately where the final disposition differs.
2025-06-housing-stability-250000,2025-06-23,"June 23, 2025",General Committee,Committee recommendation,"Housing Stability Fund: +$250,000","Council supported a $250,000 increase to the Housing Stability Fund.","Housing Stability Fund: +$250,000",Keith Riel,Carried,10,0,0,1,homelessness,homelessness|finance_budget|social,known,250000,adds_program_funding,2026_operating_precommitment,2026 operating budget,minutes-2025-homelessness-general,https://pub-peterborough.escribemeetings.com/filestream.ashx?DocumentId=40278,verified_official_minutes,financial_impact,Committee-stage vote. Subsequent Council consideration can be shown separately where the final disposition differs.
2025-06-brock-285600,2025-06-23,"June 23, 2025",General Committee,Committee recommendation,"Brock Mission 24/7 capacity: $285,600","Council supported $285,600 to expand Brock Mission’s 24/7 capacity.","Brock Mission 24/7 capacity: $285,600",Keith Riel,Carried,10,0,0,1,homelessness,homelessness|finance_budget|social,known,285600,adds_program_funding,2026_operating_precommitment,2026 operating budget,minutes-2025-homelessness-general,https://pub-peterborough.escribemeetings.com/filestream.ashx?DocumentId=40278,verified_official_minutes,financial_impact,Committee-stage vote. Subsequent Council consideration can be shown separately where the final disposition differs.
2025-04-council-comp-deferral,2025-04-22,"Apr. 22, 2025",General Committee,Committee recommendation,Proposed deferral of Council Compensation Review,A motion to defer the Council Compensation Review for additional comparator information was defeated 2–9.,That Report FCSFS25-008 be deferred for additional comparables.,Gary Baldwin,Lost,2,9,0,0,governance,governance|finance_budget,not_stated,,deferral,2026_2030_term,,minutes-2025-apr22-general,https://pub-peterborough.escribemeetings.com/filestream.ashx?DocumentId=39905,verified_official_minutes,split_vote|compensation_policy,"This record captures the deferral motion, not the later substantive compensation recommendation."
2025-02-free-transit-youth-33400,2025-02-03,"Feb. 3, 2025",City Council,Final Council,"Fund free transit for youth at $33,400","Council approved implementing free transit for youth and high-school students by September 2025 with $33,400 from the 2025 tax levy.","That the free transit program for youth and high school students be implemented by September 2025 and that a budget of $33,400 be assigned to this program, with the funds drawn from the Tax Levy for 2025.",Gary Baldwin,Carried,10,1,0,0,transit,transit|finance_budget|finance_tax,known,33400,increases_net_tax_levy,2025_operating,2025 tax levy,minutes-2025-final-budget-council,https://pub-peterborough.escribemeetings.com/filestream.ashx?DocumentId=39500,verified_official_minutes,split_vote|financial_impact|budget_amendment,
2025-02-climate-coordinator-eliminate,2025-02-03,"Feb. 3, 2025",City Council,Final Council,Eliminate vacant Climate Change Coordinator position,Council voted to eliminate the vacant Climate Change Coordinator position during final 2025 budget deliberations.,"That the Climate Change Coordinator position, currently vacant, be eliminated.",Matt Crowley,Carried,9,2,0,0,environment,environment|finance_budget,not_stated,,eliminates_position,2025_operating,,minutes-2025-final-budget-council,https://pub-peterborough.escribemeetings.com/filestream.ashx?DocumentId=39500,verified_official_minutes,split_vote|budget_amendment,"The official motion does not state the exact dollar saving, so no amount is inferred."
2024-11-trinity-overnight-264000,2024-11-18,"Nov. 18–19, 2024",General Committee,Committee recommendation,"Trinity overnight program: $264,000","Council supported $264,000 from the Social Services Reserve to extend the overnight drop-in program through summer 2025.","$264,000 for the Trinity Community Centre Overnight Drop-In Program to extend operations for six months the following summer.",Keith Riel,Carried,8,3,0,0,homelessness,homelessness|finance_budget|social,known,264000,adds_program_funding,one_time_2025,Social Services Reserve,minutes-2024-budget-general,https://pub-peterborough.escribemeetings.com/FileStream.ashx?DocumentId=38914,verified_official_minutes,split_vote|financial_impact|reserve_use,
2024-11-trinity-daytime-240000,2024-11-18,"Nov. 18–19, 2024",General Committee,Committee recommendation,"Trinity daytime drop-in hours: $240,000","Council supported $240,000 from the Social Services Reserve to extend daytime drop-in operating hours in 2025.","$240,000 from the Social Services Reserve to extend operating hours at the Trinity daytime drop-in program for 2025.",Jeff Leal,Carried,8,3,0,0,homelessness,homelessness|finance_budget|social,known,240000,adds_program_funding,one_time_2025,Social Services Reserve,minutes-2024-budget-general,https://pub-peterborough.escribemeetings.com/FileStream.ashx?DocumentId=38914,verified_official_minutes,split_vote|financial_impact|reserve_use,
2024-11-hsf-360000,2024-11-18,"Nov. 18–19, 2024",General Committee,Committee recommendation,"Housing Stability Fund: +$360,000","Council unanimously supported a $360,000 increase to the Housing Stability Fund from the Social Services Reserve.","$360,000 increase to the Housing Stability Fund to support prevention and diversion.",Keith Riel,Carried,11,0,0,0,homelessness,homelessness|social|finance_budget,known,360000,adds_program_funding,one_time_2025,Social Services Reserve,minutes-2024-budget-general,https://pub-peterborough.escribemeetings.com/FileStream.ashx?DocumentId=38914,verified_official_minutes,financial_impact|reserve_use,
2024-11-brock-worker-280000,2024-11-18,"Nov. 18–19, 2024",General Committee,Committee recommendation,"Brock Mission additional worker: $280,000","Council unanimously supported $280,000 from the Social Services Reserve to maintain Brock Mission capacity at 40 beds.","$280,000 to Brock Mission for an additional worker to keep bed capacity at 40 beds.",Keith Riel,Carried,11,0,0,0,homelessness,homelessness|social|finance_budget,known,280000,adds_program_funding,one_time_2025,Social Services Reserve,minutes-2024-budget-general,https://pub-peterborough.escribemeetings.com/FileStream.ashx?DocumentId=38914,verified_official_minutes,financial_impact|reserve_use,
2024-08-reallocate-precommitted-capital,2024-08-12,"Aug. 12, 2024",City Council,Final Council decision,Reconsider $15.95M of pre-committed projects for housing/homelessness,Council considered reconsidering six pre-committed 2025 capital projects totalling $15.95 million and using that amount to finance housing and homelessness projects.,Reconsider six pre-committed 2025 projects totalling $15.95 million to finance housing and homelessness projects.,Alex Bierk,Lost,4,7,0,0,finance_budget,finance_budget|housing|homelessness|infrastructure|recreation|econ_airport,known,15950000,proposed_reallocation,2025_capital,Existing pre-committed capital projects,minutes-2024-aug12-council,https://pub-peterborough.escribemeetings.com/FileStream.ashx?DocumentId=38357,verified_official_minutes,split_vote|large_dollar|capital_decision,"The $15.95M was a stated total of projects proposed for reconsideration/reallocation, not $15.95M of new spending. The motion lost."
2024-08-budget-cap-five-percent,2024-08-12,"Aug. 12, 2024",City Council,Final Council direction,Direct 2025 draft budget to return at no more than a 5% all-inclusive increase,Council directed staff to return with a draft 2025 budget carrying an all-inclusive rate increase not exceeding 5%.,That staff be directed to return to Council with an all-inclusive rate increase to the draft 2025 budget not exceeding a 5% increase.,Kevin Duguay,Carried,9,2,0,0,finance_tax,finance_tax|finance_budget,not_stated,,budget_guideline,2025_budget,,minutes-2024-aug12-council,https://pub-peterborough.escribemeetings.com/FileStream.ashx?DocumentId=38357,verified_official_minutes,split_vote|budget_guideline,"This was a budget-direction target, not a quantified dollar reduction; no dollar amount is inferred."
2024-06-asset-management-plan,2024-06-03,"June 3, 2024",General Committee,Committee recommendation,Approve the 2024 City Asset Management Plan,"General Committee unanimously approved the 2024 Asset Management Plan, which documents the condition, lifecycle needs and long-term management framework for municipal infrastructure.",That the 2024 City of Peterborough Asset Management Plan be approved.,Joy Lachica,Carried,11,0,0,0,infrastructure,infrastructure|finance_debt,not_stated,,planning_framework,long_term,,minutes-2024-june3-general,https://pub-peterborough.escribemeetings.com/FileStream.ashx?DocumentId=38164,verified_official_minutes,major_policy|asset_management,"The plan has major long-term financial relevance, but this approval motion itself did not state a single incremental dollar impact."
2024-05-heritage-deadline-extension,2024-05-13,"May 13, 2024",General Committee,Committee recommendation,Request 2030 extension for Ontario Heritage Act listed-property deadline,"General Committee supported asking Ontario to extend the statutory deadline for processing listed heritage properties from January 1, 2025 to January 1, 2030.","That the City of Peterborough formally request the Province of Ontario to extend the deadline to process listed properties under the Ontario Heritage Act from January 1, 2025 to January 1, 2030, with the resolution circulated to relevant provincial officials.",Alex Bierk,Carried,10,1,0,0,development,development|governance,not_stated,,policy_direction,policy,,minutes-2024-may13-general,https://pub-peterborough.escribemeetings.com/filestream.ashx?DocumentId=37934,verified_official_minutes,split_vote|planning_policy,The motion concerned provincial heritage-processing timelines; no direct dollar impact was stated in the recorded motion.
2024-04-bonnerworth-alternatives,2024-04-02,"Apr. 2, 2024",General Committee,Committee recommendation,Bonnerworth: require alternative pickleball/tennis solutions before work proceeds,Committee considered pausing the proposed Bonnerworth plan for discussion of alternative pickleball and tennis solutions before work proceeded.,"Bring the proposed Bonnerworth Park plan before Council for discussion of alternative Pickleball/Tennis solutions, with a report back before any work proceeds.",Keith Riel,Lost,3,8,0,0,recreation,recreation|finance_budget,not_stated,,potential_project_delay,2024_capital,,minutes-2024-apr2-general,https://pub-peterborough.escribemeetings.com/filestream.ashx?DocumentId=37800,verified_official_minutes,split_vote|major_policy_decision,This vote was about whether to require reconsideration/report-back before work proceeded; it did not itself set a new project cost.
2023-12-transit-fares-100k,2023-12-11,"Dec. 11, 2023",City Council,Final Council,Increase 2024 transit fares to add $100K revenue,"Council increased several Peterborough Transit fares and budgeted an additional $100,000 in public-transit fare revenue.","That Public Transit Fare Revenues in the 2024 Budget be increased by $100,000 and proposed Transit Rates be amended, including increasing the single ride from $2.75 to $3.00.",Keith Riel,Carried,10,0,0,1,transit,transit|finance_budget|finance_tax,known,100000,increases_service_revenue,2024_operating,Transit fares,minutes-2023-budget-council,https://pub-peterborough.escribemeetings.com/filestream.ashx?DocumentId=37311,verified_official_minutes,financial_impact|user_fee_change,"The $100K is additional budgeted service revenue, not an expenditure."
2023-12-sherbrooke-ea-150k,2023-12-11,"Dec. 11, 2023",City Council,Final Council,Defer $150K Sherbrooke Street EA to reduce 2024 levy,"Council deferred the $150,000 Sherbrooke Street Reconstruction Class EA amendment and used the resulting Capital Levy financing reduction to reduce the 2024 net tax levy requirement.","That the Amendment to the Sherbrooke Street Reconstruction Class EA in the amount of $150,000 be deferred and the resulting reduction in Capital Levy financing be used to reduce the 2024 Net Tax Levy Requirement.",Keith Riel,Carried,8,2,0,1,infrastructure,infrastructure|finance_tax|finance_debt,known,150000,reduces_net_tax_levy,one_time_2024,Capital Levy,minutes-2023-budget-council,https://pub-peterborough.escribemeetings.com/filestream.ashx?DocumentId=37311,verified_official_minutes,split_vote|financial_impact|budget_amendment,
2023-12-physician-recruitment-226021,2023-12-11,"Dec. 11, 2023",City Council,Final Council,"Transfer $226,021 physician-recruitment budget to reserve","Council unanimously supported temporarily transferring $226,021 for physician recruitment to the Doctor Recruitment Incentive Reserve, with one member absent.","That the amount for Physician Recruitment of $226,021 be transferred temporarily to the Doctor Recruitment Incentive Reserve; and that staff report back in Q1 2024 about hiring a physician recruiter.",Keith Riel,Carried,10,0,0,1,health,health|finance_budget|finance_debt,known,226021,reserve_transfer,one_time_reserve_transfer,Doctor Recruitment Incentive Reserve,minutes-2023-budget-council,https://pub-peterborough.escribemeetings.com/filestream.ashx?DocumentId=37311,verified_official_minutes,financial_impact|reserve_use,"This moves approved funding to a reserve rather than creating a new $226,021 levy impact."
2023-12-parkhill-reallocation-125k,2023-12-11,"Dec. 11, 2023",City Council,Final Council,Proposed Parkhill resurfacing deferral and $125K reallocation,"A motion to postpone resurfacing on part of Parkhill Road and transfer $125,000 to a new capital project for short-term improvements was defeated.","Postpone resurfacing of Parkhill Road from Medical Drive to Wallis Drive and transfer $125,000 from Capital Project #22-020 to a new capital project to initiate short-term improvement work.",Joy Lachica,Lost,2,8,0,1,infrastructure,infrastructure|finance_debt,known,125000,capital_reallocation,capital_project,Capital Project #22-020,minutes-2023-budget-council,https://pub-peterborough.escribemeetings.com/filestream.ashx?DocumentId=37311,verified_official_minutes,split_vote|financial_impact|capital_reallocation,The motion would have reallocated existing capital funding; $125K is not treated as a new City-wide expenditure.
2023-11-tax-ratio-shift-3m,2023-11-23,"Nov. 20–23, 2023",Finance Committee,Committee recommendation,Shift about $3M of 2024 tax burden to commercial/industrial classes,Finance Committee supported increasing the commercial and industrial tax ratios from 1.5 to 1.65 to shift approximately $3 million of the 2024 net tax requirement away from the residential class.,"That the 2024 tax ratios for the commercial and industrial subclasses be increased from 1.5% of the residential rate to 1.65%, to shift approximately $3,000,000 of the net tax requirement burden in 2024 from the residential tax class to the Commercial and Industrial tax classes.",Jeff Leal,Carried,10,1,0,0,finance_tax,finance_tax|finance_budget,known,3000000,shifts_tax_burden,2024_tax_policy,Commercial and industrial tax classes,minutes-2023-budget-finance,https://pub-peterborough.escribemeetings.com/FileStream.ashx?DocumentId=37518,verified_official_minutes,split_vote|tax_policy|financial_impact,This changes how the levy is distributed among tax classes; it does not reduce the City-wide tax requirement.
2023-11-service-grants-43800,2023-11-23,"Nov. 20–23, 2023",Finance Committee,Committee recommendation,"Increase selected Service Grants by $43,800","Finance Committee approved a 1.5% adjustment for selected service-grant recipients, funded with $43,800 from the 2024 General Contingency provision.","Adjust funding of Service Grants to selected organizations to a 1.5% increase in 2024; the $43,800 increase shall be funded from the 2024 General Contingency provision.",Alex Bierk,Carried,6,5,0,0,external,external|finance_budget,known,43800,adds_grant_funding,one_time_2024,2024 General Contingency provision,minutes-2023-budget-finance,https://pub-peterborough.escribemeetings.com/FileStream.ashx?DocumentId=37518,verified_official_minutes,split_vote|financial_impact|budget_amendment,
2023-11-legacy-800k,2023-11-23,"Nov. 20–23, 2023",Finance Committee,Committee recommendation,Use $800K of Legacy income reserve to reduce the 2024 tax rate,"Finance Committee supported drawing $800,000 from the Legacy Fund Income Reserve to reduce the proposed 2024 all-inclusive tax-rate increase by 0.40 percentage points.","That funds be drawn from the Legacy Fund Income Reserve in the amount of $800,000 to reduce the proposed all-inclusive tax rate increase by 0.40%.",Jeff Leal,Carried,10,1,0,0,finance_budget,finance_budget|finance_tax|finance_debt,known,800000,reduces_tax_rate,one_time_2024,Legacy Fund Income Retention Reserve,minutes-2023-budget-finance,https://pub-peterborough.escribemeetings.com/FileStream.ashx?DocumentId=37518,verified_official_minutes,split_vote|reserve_use|financial_impact|budget_amendment,"This was the first of two one-time Legacy-income-reserve draws incorporated into the final 2024 budget; final Council later added another $510,000."
2023-11-casino-200k,2023-11-23,"Nov. 20–23, 2023",Finance Committee,Committee recommendation,Use $200K of Casino reserve to reduce the 2024 tax rate,"Finance Committee supported drawing $200,000 from the Casino Gaming Reserve to reduce the proposed all-inclusive tax-rate increase by 0.10 percentage points.","That funds be drawn from the Casino Gaming Reserve in the amount of $200,000 to reduce the proposed all-inclusive tax rate increase by 0.10%.",Jeff Leal,Carried,9,2,0,0,finance_budget,finance_budget|finance_tax|finance_debt,known,200000,reduces_tax_rate,one_time_2024,Casino Gaming Reserve,minutes-2023-budget-finance,https://pub-peterborough.escribemeetings.com/FileStream.ashx?DocumentId=37518,verified_official_minutes,split_vote|reserve_use|financial_impact|budget_amendment,
2023-11-bonnerworth-design-250k,2023-11-23,"Nov. 20–23, 2023",Finance Committee,Committee recommendation,Pre-approve $250K for Bonnerworth-related design,"Finance Committee unanimously pre-approved $250,000 in the 2025 budget for initial active-transportation and road design associated with the Bonnerworth Park redevelopment.","That Council pre-approve $250,000 for the 2025 budget, funded from the capital levy, to support the initial design of active transportation and related road improvements to support the Bonnerworth Park redevelopment.",Lesley Parnell,Carried,11,0,0,0,recreation,recreation|infrastructure|finance_debt,known,250000,capital_precommitment,2025_capital_precommitment,Capital levy,minutes-2023-budget-finance,https://pub-peterborough.escribemeetings.com/FileStream.ashx?DocumentId=37518,verified_official_minutes,financial_impact|capital_precommitment,
2023-11-traffic-calming-reallocation,2023-11-21,"Nov. 20–23, 2023",Finance Committee,Committee recommendation,Rework 2024 traffic-calming capital funding,"Finance Committee reduced the Traffic Calming Program by $600,000 and added $200,000 to the Transportation Safety Program from the Capital Levy Reserve.","Reduce Capital Project 21-093 Traffic Calming Program by $600,000, from $700,000 to $100,000; and increase Capital Project 24-110 Transportation Safety Program by $200,000, funded from the Capital Levy Reserve.",Kevin Duguay,Carried,6,5,0,0,infrastructure,infrastructure|finance_budget|finance_debt,multi_component,,capital_reallocation,2024_capital,Capital Levy Reserve,minutes-2023-budget-finance,https://pub-peterborough.escribemeetings.com/FileStream.ashx?DocumentId=37518,verified_official_minutes,split_vote|capital_reallocation|budget_amendment,Two explicit amounts are involved ($600K reduction and $200K increase); the explorer does not collapse them into a single inferred fiscal impact.
2023-06-service-peterborough,2023-06-26,"June 26, 2023",City Council,Final Council decision,Service Peterborough implementation: $625K,"Council approved an integrated centralized customer-service model at City Hall with a $625,000 capital budget.","Endorse Service Peterborough, minus the bathroom component, and establish a $625,000 capital project funded from the Capital Levy Reserve.",Lesley Parnell,Carried,6,5,0,0,governance,governance|finance_budget,known,625000,capital_project,2023_capital,Capital Levy Reserve,minutes-2023-june26-council,https://pub-peterborough.escribemeetings.com/filestream.ashx?DocumentId=36228,verified_official_minutes,split_vote|capital_decision,"The original staff recommendation referenced $660,000; the amended motion that carried established the capital budget at $625,000."
2023-11-27-cao-bylaw-23-113,2023-11-27,"Nov. 27, 2023",City Council,Final Council,Approve CAO responsibilities by-law under delegated strong-mayor authority,Council approved By-law 23-113 establishing the responsibilities of the CAO after the Mayor delegated that authority to Council through MDEC23-1.,"That By-laws 23-112 and 23-113 be approved, including By-law 23-113 establishing the responsibilities of the Chief Administrative Officer.",Gary Baldwin,Carried,10,0,0,1,strong_mayor,strong_mayor|governance,not_stated,,,,,minutes-2023-nov27-council,https://pub-peterborough.escribemeetings.com/filestream.ashx?DocumentId=37664,verified_official_minutes,strong_mayor|delegated_authority,The recorded vote approved By-laws 23-112 and 23-113 together; this record isolates the strong-mayor-linked CAO by-law while retaining that context.
2024-09-16-municipal-operations-commissioner,2024-09-16,"Sep. 16, 2024",Special City Council,Final Council,Appoint Municipal Operations Commissioner under delegated mayoral authority,"After MDEC24-3 delegated the appointment authority to Council for the day, Council unanimously approved the closed-session appointment direction.","That respecting the appointment of the Commissioner, Municipal Operations for the City of Peterborough, staff be directed to proceed as outlined in Closed Session Report CAOPC24-006.",Dave Haacke,Carried,10,0,0,1,strong_mayor,strong_mayor|governance,not_stated,,,,,minutes-2024-sep16-special-council,https://pub-peterborough.escribemeetings.com/filestream.ashx?DocumentId=38525,verified_official_minutes,strong_mayor|delegated_authority,The personnel details were handled in closed session; the public recorded vote was 10-0. Councillor Crowley was not listed among the voters.
2025-02-24-brock-general-strong-mayor,2025-02-24,"Feb. 24, 2025",General Committee,Committee recommendation under Strong Mayor Powers,Brock Mission zoning and site-plan by-laws — committee vote,The Mayor moved approval of the Brock Mission transitional-housing by-laws under MDEC25-1. The motion carried despite a 4-7 vote because the strong-mayor provincial-priority threshold is more than one-third of Council.,"That respecting Strong Mayor Decision MDEC25-1, By-laws 25-051 and 25-052 (as updated) to exempt development from Site Plan Control and to amend the Zoning at 738 Chemong Road, be approved.",Jeff Leal,Carried,4,7,0,0,strong_mayor,strong_mayor|housing|homelessness|development|governance,not_stated,,,,,minutes-2025-feb24-general,https://pub-peterborough.escribemeetings.com/filestream.ashx?DocumentId=39585,verified_official_minutes,strong_mayor|provincial_priority_by_law|split_vote|minority_threshold,"Carried 4-7 is not a typo. Under Municipal Act s. 284.11.1, a mayor-proposed by-law advancing a prescribed provincial priority is passed if more than one-third of Council members vote in favour."
2025-02-24-brock-council-strong-mayor,2025-02-24,"Feb. 24, 2025",City Council,Final Council under Strong Mayor Powers,Enact Brock Mission by-laws 25-051 and 25-052,Council enacted the Brock Mission site-plan exemption and zoning amendment on a 4-7 vote under the strong-mayor provincial-priority threshold.,That By-laws 25-051 and 25-052 be approved: the site-plan-control exemption and zoning amendment for 738 Chemong Road.,Jeff Leal,Carried,4,7,0,0,strong_mayor,strong_mayor|housing|homelessness|development|governance,not_stated,,,,,minutes-2025-feb24-council,https://pub-peterborough.escribemeetings.com/filestream.ashx?DocumentId=39612,verified_official_minutes,strong_mayor|provincial_priority_by_law|split_vote|minority_threshold,The official minutes explicitly record “Carried (4 to 7) (Strong Mayor Powers).” The same two by-laws had advanced from General Committee on the same 4-7 split.
2023-12-11-strong-mayor-shorten-budget-period,2023-12-11,"Dec. 11, 2023",City Council,Strong Mayor budget procedure,Shorten the 2024 budget amendment period to Dec. 11,"After Mayor Leal formally proposed the 2024 budget under MDEC23-3, Council unanimously shortened the statutory 30-day amendment window to the same day.","Be it resolved, that Council shorten the period to amend the budget proposed by the Head of Council to today’s date, December 11, 2023.",Andrew Beamer,Carried,10,0,0,1,strong_mayor,strong_mayor|finance_budget|governance,not_stated,,,2024_budget,,minutes-2023-dec11-strong-mayor,https://pub-peterborough.escribemeetings.com/FileStream.ashx?DocumentId=37482,verified_official_minutes,strong_mayor|budget_procedure,"This motion used O. Reg. 530/22 s. 7(4), a procedural element of the Strong Mayor budget framework."
2025-12-08-strong-mayor-shorten-budget-period,2025-12-08,"Dec. 8, 2025",City Council,Strong Mayor budget procedure,Shorten the 2026 budget amendment period to Dec. 8,"After the Mayor proposed the 2026 budget under MDEC25-4, Council voted 7-4 to shorten the statutory 30-day amendment period to the same day.","Be it resolved, that Council shorten the period to amend the budget proposed by the Head of Council to today’s date, December 8, 2025.",Dave Haacke,Carried,7,4,0,0,strong_mayor,strong_mayor|finance_budget|governance,not_stated,,,2026_budget,,minutes-2025-dec08-strong-mayor,https://pub-peterborough.escribemeetings.com/filestream.ashx?DocumentId=41410,verified_official_minutes,strong_mayor|budget_procedure|split_vote,"This motion used O. Reg. 530/22 s. 7(4), a procedural element of the Strong Mayor budget framework."
